{
    "Documents": [
        ".doc",
        ".docx",
        ".pdf",
        ".txt",
        ".ppt",
        ".pptx",
        ".xls",
        ".xlsx",
        ".odt",
        ".rtf"
    ],
    "Image": [
        ".jpg",
        ".jpeg",
        ".png",
        ".gif",
        ".bmp",
        ".svg",
        ".tiff",
        ".webp"
    ],
    "Language": [
        ".py",
        ".java",
        ".cpp",
        ".js",
        ".html",
        ".css",
        ".php",
        ".c",
        ".rb",
        ".ts"
    ],
    "Archive": [
        ".zip",
        ".rar",
        ".tar",
        ".gz",
        ".7z",
        ".bz2",
        ".iso"
    ],
    "Video": [
        ".mp4",
        ".avi",
        ".mkv",
        ".mov",
        ".wmv",
        ".flv",
        ".webm"
    ]
}